Id,Prenom,Nom,Email,Telephone,Adresse,Ville,CodePostal,DateInscription
1,Mehdi,Cherkaoui,mehdi.cherkaoui@email.com,+212 607228714,146 Rue Hassan II,Meknès,50000,2017-02-14
2,Maryam,Bennani,maryam.bennani@gmail.com,+212 637300391,13 Rue Al Massira,Casablanca,20000,2016-09-12
3,Youssef,Bencheikh,youssef.bencheikh@yahoo.fr,+212 631446667,202 Rue Ibn Sina,Marrakech,40000,2021-07-19
4,Fatima,Rachidi,fatima.rachidi@gmail.com,+212 684323616,63 Rue Al Massira,Casablanca,20000,2016-09-30
5,Sofia,El Khatib,sofia.elkhatib@hotmail.com,+212 618727880,114 Rue Al Massira,Marrakech,40000,2018-05-12
6,Hicham,Kabbaj,hicham.kabbaj@outlook.com,+212 688658437,19 Rue Al Massira,Rabat,10000,2021-03-23
7,Walid,El Alami,walid.elalami@hotmail.com,+212 695104903,140 Rue Al Massira,Casablanca,20000,2023-02-10
8,Houda,El Mansouri,houda.elmansouri@hotmail.com,+212 652266747,171 Rue Allal Ben Abdellah,Salé,11000,2022-07-03
9,Sofia,El Alami,sofia.elalami@hotmail.com,+212 693579965,99 Rue Allal Ben Abdellah,Rabat,10000,2022-02-24
10,Nawal,El Alami,nawal.elalami@email.com,+212 697841142,53 Rue Hassan II,Salé,11000,2018-09-06
11,Karima,El Hafidi,karima.elhafidi@email.com,+212 625336141,25 Rue Al Massira,Rabat,10000,2021-04-02
12,Sofia,Cherkaoui,sofia.cherkaoui@yahoo.fr,+212 655351456,35 Rue Allal Ben Abdellah,Salé,11000,2024-09-12
13,Zineb,Andaloussi,zineb.andaloussi@yahoo.fr,+212 698563143,20 Rue Al Massira,Marrakech,40000,2018-02-07
14,Hanane,El Mansouri,hanane.elmansouri@email.com,+212 684828733,194 Rue Allal Ben Abdellah,Casablanca,20000,2024-07-11
15,Nabil,Hajji,nabil.hajji@hotmail.com,+212 688977968,245 Rue Mohammed V,Casablanca,20000,2018-01-22
16,Sara,Ouazzani,sara.ouazzani@email.com,+212 668001124,31 Rue Hassan II,Casablanca,20000,2026-01-12
17,Omar,Naciri,omar.naciri@gmail.com,+212 654884075,127 Rue Hassan II,Marrakech,40000,2024-03-22
18,Youssef,Berrada,youssef.berrada@yahoo.fr,+212 646881168,158 Rue Mohammed V,Fès,30000,2025-12-16
19,Walid,Berrada,walid.berrada@email.com,+212 696643632,58 Rue Allal Ben Abdellah,Marrakech,40000,2023-03-13
20,Aicha,El Filali,aicha.elfilali@outlook.com,+212 688265047,73 Rue Al Massira,Marrakech,40000,2019-05-15
21,Ali,Andaloussi,ali.andaloussi@hotmail.com,+212 671914451,194 Rue Al Massira,Rabat,10000,2024-09-13
22,Walid,Ouazzani,walid.ouazzani@email.com,+212 622664755,212 Rue Ibn Sina,Fès,30000,2020-11-13
23,Othmane,Bennani,othmane.bennani@gmail.com,+212 642480948,234 Rue Al Massira,Fès,30000,2021-03-06
24,Rachid,Andaloussi,rachid.andaloussi@gmail.com,+212 642918954,94 Rue Al Massira,Casablanca,20000,2016-09-10
25,Omar,El Khatib,omar.elkhatib@outlook.com,+212 642888323,67 Rue Mohammed V,Casablanca,20000,2023-12-12
26,Mounir,Bencheikh,mounir.bencheikh@hotmail.com,+212 645288117,172 Rue Mohammed V,Casablanca,20000,2024-06-12
27,Hanane,Bennani,hanane.bennani@yahoo.fr,+212 656551805,166 Rue Hassan II,Salé,11000,2025-11-14
28,Najat,Mejjati,najat.mejjati@yahoo.fr,+212 641469073,227 Rue Ibn Sina,Salé,11000,2021-08-27
29,Ali,Fassi,ali.fassi@email.com,+212 617963008,72 Rue Hassan II,Marrakech,40000,2017-09-20
30,Khalid,Fassi,khalid.fassi@gmail.com,+212 669898216,97 Rue Hassan II,Salé,11000,2018-09-22
31,Maryam,El Mansouri,maryam.elmansouri@outlook.com,+212 647561327,229 Rue Allal Ben Abdellah,Casablanca,20000,2017-11-28
32,Asma,Andaloussi,asma.andaloussi@yahoo.fr,+212 645829427,162 Rue Mohammed V,Fès,30000,2017-10-19
33,Omar,Bouayad,omar.bouayad@gmail.com,+212 624593315,195 Rue Al Massira,Casablanca,20000,2022-12-10
34,Hassan,El Khatib,hassan.elkhatib@gmail.com,+212 633585471,17 Rue Allal Ben Abdellah,Salé,11000,2018-09-03
35,Omar,El Mansouri,omar.elmansouri@email.com,+212 669326243,84 Rue Al Massira,Casablanca,20000,2018-07-24
36,Adil,El Khatib,adil.elkhatib@yahoo.fr,+212 646264742,164 Rue Hassan II,Oujda,60000,2022-09-27
37,Rachid,Tahiri,rachid.tahiri@gmail.com,+212 623257966,163 Rue Hassan II,Agadir,80000,2024-10-24
38,Salma,Squalli,salma.squalli@yahoo.fr,+212 694428617,106 Rue Ibn Sina,Rabat,10000,2023-03-24
39,Anas,Bencheikh,anas.bencheikh@hotmail.com,+212 673150952,90 Rue Hassan II,Fès,30000,2025-04-17
40,Walid,El Mansouri,walid.elmansouri@gmail.com,+212 691313349,67 Rue Mohammed V,Salé,11000,2025-10-15
41,Adil,Drissi,adil.drissi@hotmail.com,+212 653287088,117 Rue Al Massira,Meknès,50000,2017-03-08
42,Ali,Rachidi,ali.rachidi@gmail.com,+212 653233376,133 Rue Allal Ben Abdellah,Rabat,10000,2026-05-04
43,Hicham,Benjelloun,hicham.benjelloun@email.com,+212 644269637,31 Rue Mohammed V,Salé,11000,2021-07-27
44,Walid,Bennani,walid.bennani@email.com,+212 642689883,236 Rue Hassan II,Casablanca,20000,2019-12-16
45,Sara,Tahiri,sara.tahiri@yahoo.fr,+212 669133267,196 Rue Hassan II,Casablanca,20000,2018-04-03
46,Aicha,Tahiri,aicha.tahiri@gmail.com,+212 626234116,26 Rue Ibn Sina,Casablanca,20000,2024-10-21
47,Othmane,Belhaj,othmane.belhaj@email.com,+212 626209233,246 Rue Allal Ben Abdellah,Casablanca,20000,2019-05-23
48,Najat,Kabbaj,najat.kabbaj@email.com,+212 616967692,63 Rue Ibn Sina,Fès,30000,2021-04-27
49,Latifa,Andaloussi,latifa.andaloussi@yahoo.fr,+212 675132926,174 Rue Hassan II,Salé,11000,2019-07-14
50,Houda,Benjelloun,houda.benjelloun@hotmail.com,+212 604543718,246 Rue Hassan II,Casablanca,20000,2016-09-29
51,Houda,Mejjati,houda.mejjati@hotmail.com,+212 656936154,198 Rue Ibn Sina,Rabat,10000,2022-03-06
52,Mehdi,Hajji,mehdi.hajji@outlook.com,+212 613101299,86 Rue Al Massira,Rabat,10000,2022-12-31
53,Hassan,Drissi,hassan.drissi@hotmail.com,+212 667035764,218 Rue Ibn Sina,Casablanca,20000,2018-11-26
54,Mohammed,Kabbaj,mohammed.kabbaj@outlook.com,+212 617969620,176 Rue Mohammed V,Salé,11000,2020-10-11
55,Mounir,Bencheikh,mounir.bencheikh@outlook.com,+212 668384918,132 Rue Hassan II,Rabat,10000,2026-02-09
56,Houda,Fassi,houda.fassi@email.com,+212 601863213,191 Rue Al Massira,Rabat,10000,2016-10-28
57,Latifa,Idrissi,latifa.idrissi@email.com,+212 646559611,121 Rue Ibn Sina,Tanger,90000,2016-11-16
58,Yassine,Sebti,yassine.sebti@yahoo.fr,+212 665189009,67 Rue Hassan II,Casablanca,20000,2021-01-01
59,Yassine,Idrissi,yassine.idrissi@outlook.com,+212 684223672,127 Rue Ibn Sina,Rabat,10000,2019-05-10
60,Nabil,Benjelloun,nabil.benjelloun@yahoo.fr,+212 689488483,68 Rue Ibn Sina,Casablanca,20000,2018-08-11
61,Leila,Drissi,leila.drissi@gmail.com,+212 664129009,193 Rue Ibn Sina,Casablanca,20000,2018-03-25
62,Othmane,El Alami,othmane.elalami@yahoo.fr,+212 602942801,81 Rue Mohammed V,Casablanca,20000,2018-05-12
63,Adil,Bouayad,adil.bouayad@email.com,+212 636086987,201 Rue Allal Ben Abdellah,Casablanca,20000,2023-02-13
64,Maryam,El Khatib,maryam.elkhatib@hotmail.com,+212 666753802,34 Rue Ibn Sina,Salé,11000,2018-05-28
65,Latifa,Belhaj,latifa.belhaj@hotmail.com,+212 672272716,19 Rue Ibn Sina,Tanger,90000,2025-06-09
66,Sofia,Hajji,sofia.hajji@email.com,+212 614851373,108 Rue Al Massira,Meknès,50000,2018-09-20
67,Youssef,Mejjati,youssef.mejjati@yahoo.fr,+212 683016926,153 Rue Allal Ben Abdellah,Casablanca,20000,2016-06-29
68,Leila,Cherkaoui,leila.cherkaoui@gmail.com,+212 694529900,114 Rue Hassan II,Rabat,10000,2021-03-23
69,Wafae,Fassi,wafae.fassi@email.com,+212 676876675,55 Rue Allal Ben Abdellah,Casablanca,20000,2020-07-08
70,Ali,El Alami,ali.elalami@outlook.com,+212 616653268,206 Rue Al Massira,Casablanca,20000,2024-08-24
71,Leila,Ouazzani,leila.ouazzani@email.com,+212 647244418,219 Rue Hassan II,Casablanca,20000,2023-01-23
72,Khalid,Tahiri,khalid.tahiri@yahoo.fr,+212 681925963,139 Rue Ibn Sina,Casablanca,20000,2020-11-19
73,Hicham,Tazi,hicham.tazi@email.com,+212 698195090,189 Rue Ibn Sina,Casablanca,20000,2016-07-30
74,Walid,Bennani,walid.bennani@outlook.com,+212 682065920,77 Rue Hassan II,Casablanca,20000,2019-10-01
75,Khalid,Saoud,khalid.saoud@hotmail.com,+212 613110171,35 Rue Allal Ben Abdellah,Salé,11000,2021-10-08
76,Wafae,Bencheikh,wafae.bencheikh@outlook.com,+212 672281616,23 Rue Ibn Sina,Casablanca,20000,2022-11-14
77,Said,Mejjati,said.mejjati@gmail.com,+212 658071689,77 Rue Mohammed V,Marrakech,40000,2025-05-25
78,Mehdi,El Khatib,mehdi.elkhatib@gmail.com,+212 671663176,22 Rue Al Massira,Meknès,50000,2023-10-17
79,Fatima,Lahlou,fatima.lahlou@outlook.com,+212 669163402,37 Rue Ibn Sina,Rabat,10000,2017-09-04
80,Aicha,Naciri,aicha.naciri@yahoo.fr,+212 663803385,164 Rue Mohammed V,Agadir,80000,2020-09-25
81,Aicha,Squalli,aicha.squalli@email.com,+212 689487582,46 Rue Mohammed V,Salé,11000,2020-10-06
82,Hassan,Naciri,hassan.naciri@email.com,+212 692809606,153 Rue Ibn Sina,Casablanca,20000,2018-10-17
83,Asma,Cherkaoui,asma.cherkaoui@email.com,+212 646059694,9 Rue Hassan II,Casablanca,20000,2019-03-12
84,Wafae,Ouazzani,wafae.ouazzani@outlook.com,+212 653449414,46 Rue Ibn Sina,Casablanca,20000,2024-07-25
85,Adil,Ouazzani,adil.ouazzani@gmail.com,+212 642362346,43 Rue Al Massira,Casablanca,20000,2018-11-28
86,Said,Bencheikh,said.bencheikh@email.com,+212 651633103,183 Rue Al Massira,Salé,11000,2020-12-18
87,Wafae,El Mansouri,wafae.elmansouri@yahoo.fr,+212 694454099,185 Rue Allal Ben Abdellah,Salé,11000,2019-02-11
88,Nadia,El Alami,nadia.elalami@gmail.com,+212 636486690,102 Rue Hassan II,Fès,30000,2016-11-17
89,Maryam,Sebti,maryam.sebti@email.com,+212 671659668,67 Rue Al Massira,Casablanca,20000,2025-07-29
90,Fatima,Rachidi,fatima.rachidi@yahoo.fr,+212 628804805,33 Rue Al Massira,Rabat,10000,2017-10-17
91,Othmane,Cherkaoui,othmane.cherkaoui@yahoo.fr,+212 677132779,197 Rue Mohammed V,Casablanca,20000,2025-06-09
92,Wafae,Bouayad,wafae.bouayad@yahoo.fr,+212 606153095,17 Rue Allal Ben Abdellah,Casablanca,20000,2025-12-17
93,Mohammed,Squalli,mohammed.squalli@email.com,+212 652488918,98 Rue Al Massira,Casablanca,20000,2022-09-05
94,Sofia,Ouazzani,sofia.ouazzani@gmail.com,+212 653677064,85 Rue Allal Ben Abdellah,Rabat,10000,2019-09-19
95,Said,El Hafidi,said.elhafidi@hotmail.com,+212 624120766,101 Rue Al Massira,Casablanca,20000,2019-03-13
96,Rachid,El Filali,rachid.elfilali@gmail.com,+212 664131153,180 Rue Hassan II,Salé,11000,2021-12-02
97,Khalid,Tazi,khalid.tazi@hotmail.com,+212 621226033,169 Rue Mohammed V,Casablanca,20000,2024-10-12
98,Mohammed,El Hafidi,mohammed.elhafidi@yahoo.fr,+212 635672167,160 Rue Hassan II,Casablanca,20000,2016-09-16
99,Omar,Lahlou,omar.lahlou@hotmail.com,+212 691667949,229 Rue Al Massira,Fès,30000,2025-06-04
100,Aicha,Skalli,aicha.skalli@gmail.com,+212 649417814,117 Rue Allal Ben Abdellah,Fès,30000,2018-12-12
101,Walid,Mejjati,walid.mejjati@hotmail.com,+212 663740821,182 Rue Mohammed V,Casablanca,20000,2025-09-02
102,Nabil,Skalli,nabil.skalli@yahoo.fr,+212 614250033,131 Rue Allal Ben Abdellah,Casablanca,20000,2019-12-23
103,Yassine,Lamrani,yassine.lamrani@outlook.com,+212 658495105,153 Rue Ibn Sina,Salé,11000,2022-09-15
104,Samira,Cherkaoui,samira.cherkaoui@hotmail.com,+212 683801223,208 Rue Allal Ben Abdellah,Casablanca,20000,2017-04-19
105,Aicha,Rachidi,aicha.rachidi@email.com,+212 615766272,200 Rue Allal Ben Abdellah,Marrakech,40000,2023-01-17
106,Ali,Skalli,ali.skalli@hotmail.com,+212 699372086,71 Rue Allal Ben Abdellah,Marrakech,40000,2017-01-11
107,Karima,Mejjati,karima.mejjati@yahoo.fr,+212 662946166,140 Rue Hassan II,Casablanca,20000,2024-04-03
108,Othmane,Lamrani,othmane.lamrani@email.com,+212 642444351,191 Rue Allal Ben Abdellah,Salé,11000,2018-12-14
109,Tarik,Kabbaj,tarik.kabbaj@hotmail.com,+212 642234395,16 Rue Ibn Sina,Marrakech,40000,2023-05-08
110,Hassan,Bouayad,hassan.bouayad@yahoo.fr,+212 626694592,39 Rue Ibn Sina,Rabat,10000,2019-10-02
111,Mohammed,Mejjati,mohammed.mejjati@outlook.com,+212 625846737,170 Rue Al Massira,Rabat,10000,2019-07-03
112,Mounir,Mejjati,mounir.mejjati@outlook.com,+212 688868405,137 Rue Allal Ben Abdellah,Marrakech,40000,2019-01-24
113,Nadia,Bencheikh,nadia.bencheikh@gmail.com,+212 698562608,124 Rue Allal Ben Abdellah,Salé,11000,2023-12-21
114,Anas,El Alami,anas.elalami@email.com,+212 689126670,242 Rue Mohammed V,Salé,11000,2017-08-26
115,Zineb,Tazi,zineb.tazi@hotmail.com,+212 614488523,84 Rue Mohammed V,Casablanca,20000,2020-10-24
116,Adil,El Mansouri,adil.elmansouri@hotmail.com,+212 636463491,232 Rue Ibn Sina,Rabat,10000,2016-11-30
117,Khalid,Fassi,khalid.fassi@email.com,+212 605658355,156 Rue Mohammed V,Casablanca,20000,2025-07-01
118,Khalid,El Filali,khalid.elfilali@outlook.com,+212 676706162,78 Rue Al Massira,Casablanca,20000,2017-03-22
119,Mohammed,Kabbaj,mohammed.kabbaj@email.com,+212 676515756,133 Rue Mohammed V,Salé,11000,2020-04-28
120,Mehdi,Saoud,mehdi.saoud@email.com,+212 679703040,174 Rue Al Massira,Salé,11000,2016-09-06
121,Nawal,Saoud,nawal.saoud@hotmail.com,+212 617845736,20 Rue Ibn Sina,Casablanca,20000,2024-05-18
122,Aicha,Idrissi,aicha.idrissi@gmail.com,+212 602036380,31 Rue Hassan II,Casablanca,20000,2023-04-07
123,Houda,Naciri,houda.naciri@yahoo.fr,+212 658566501,156 Rue Allal Ben Abdellah,Fès,30000,2024-07-16
124,Maryam,El Hafidi,maryam.elhafidi@email.com,+212 628135149,237 Rue Mohammed V,Salé,11000,2020-02-25
125,Anas,Fassi,anas.fassi@hotmail.com,+212 694411114,234 Rue Allal Ben Abdellah,Salé,11000,2022-07-27
126,Othmane,Rachidi,othmane.rachidi@gmail.com,+212 645587802,177 Rue Al Massira,Salé,11000,2024-05-17
127,Karima,Berrada,karima.berrada@outlook.com,+212 672206022,86 Rue Hassan II,Casablanca,20000,2024-05-16
128,Khadija,El Khatib,khadija.elkhatib@hotmail.com,+212 652385227,3 Rue Ibn Sina,Casablanca,20000,2017-04-25
129,Nabil,Bencheikh,nabil.bencheikh@email.com,+212 686682316,81 Rue Al Massira,Casablanca,20000,2016-10-03
130,Wafae,Hajji,wafae.hajji@outlook.com,+212 666575414,104 Rue Ibn Sina,Marrakech,40000,2020-12-24
131,Maryam,El Khatib,maryam.elkhatib@yahoo.fr,+212 655243060,120 Rue Ibn Sina,Casablanca,20000,2023-07-04
132,Fatima,Rachidi,fatima.rachidi@hotmail.com,+212 647304919,143 Rue Hassan II,Casablanca,20000,2018-09-25
133,Fatima,Kabbaj,fatima.kabbaj@outlook.com,+212 697647387,192 Rue Al Massira,Salé,11000,2026-05-09
134,Othmane,Drissi,othmane.drissi@hotmail.com,+212 685261628,181 Rue Allal Ben Abdellah,Fès,30000,2024-10-21
135,Aicha,Fassi,aicha.fassi@outlook.com,+212 668203841,191 Rue Ibn Sina,Salé,11000,2017-05-14
136,Aicha,Berrada,aicha.berrada@gmail.com,+212 669197911,115 Rue Hassan II,Casablanca,20000,2019-08-23
137,Nawal,Kabbaj,nawal.kabbaj@hotmail.com,+212 668573394,22 Rue Allal Ben Abdellah,Rabat,10000,2018-04-20
138,Salma,El Filali,salma.elfilali@yahoo.fr,+212 684254826,79 Rue Al Massira,Rabat,10000,2021-04-12
139,Mounir,Mejjati,mounir.mejjati@gmail.com,+212 667684547,26 Rue Al Massira,Rabat,10000,2020-12-31
140,Ali,Cherkaoui,ali.cherkaoui@gmail.com,+212 654859921,96 Rue Al Massira,Meknès,50000,2019-12-24
141,Hanane,Lahlou,hanane.lahlou@email.com,+212 676914373,36 Rue Ibn Sina,Rabat,10000,2019-10-02
142,Mohammed,Benjelloun,mohammed.benjelloun@outlook.com,+212 691303768,143 Rue Hassan II,Salé,11000,2017-12-30
143,Tarik,Sebti,tarik.sebti@gmail.com,+212 669721386,48 Rue Ibn Sina,Casablanca,20000,2022-12-30
144,Hicham,Lahlou,hicham.lahlou@email.com,+212 677990671,59 Rue Hassan II,Casablanca,20000,2016-11-17
145,Adil,Belhaj,adil.belhaj@outlook.com,+212 618326506,44 Rue Ibn Sina,Rabat,10000,2022-08-31
146,Youssef,El Hafidi,youssef.elhafidi@hotmail.com,+212 635036039,197 Rue Hassan II,Rabat,10000,2022-08-03
147,Khadija,Andaloussi,khadija.andaloussi@hotmail.com,+212 678787361,2 Rue Allal Ben Abdellah,Casablanca,20000,2021-05-11
148,Karim,Kabbaj,karim.kabbaj@outlook.com,+212 639367650,133 Rue Ibn Sina,Salé,11000,2017-09-13
149,Said,Benjelloun,said.benjelloun@outlook.com,+212 684802979,198 Rue Al Massira,Rabat,10000,2018-04-03
150,Khadija,Idrissi,khadija.idrissi@outlook.com,+212 667945310,3 Rue Hassan II,Fès,30000,2025-05-12
151,Zineb,Belhaj,zineb.belhaj@outlook.com,+212 669767309,131 Rue Allal Ben Abdellah,Salé,11000,2019-03-13
152,Najat,El Filali,najat.elfilali@hotmail.com,+212 641748242,123 Rue Al Massira,Oujda,60000,2018-10-28
153,Najat,Benjelloun,najat.benjelloun@yahoo.fr,+212 676115356,9 Rue Hassan II,Marrakech,40000,2023-04-19
154,Imane,Ouazzani,imane.ouazzani@outlook.com,+212 643250190,32 Rue Ibn Sina,Rabat,10000,2022-01-04
155,Nawal,El Filali,nawal.elfilali@gmail.com,+212 631826255,85 Rue Ibn Sina,Salé,11000,2018-06-06
156,Wafae,Tahiri,wafae.tahiri@gmail.com,+212 639336185,4 Rue Ibn Sina,Casablanca,20000,2025-07-03
157,Zineb,Lahlou,zineb.lahlou@outlook.com,+212 662934305,246 Rue Mohammed V,Casablanca,20000,2022-10-27
158,Yassine,Sebti,yassine.sebti@outlook.com,+212 692076489,147 Rue Hassan II,Casablanca,20000,2016-12-05
159,Sofia,Lamrani,sofia.lamrani@email.com,+212 663545908,27 Rue Ibn Sina,Casablanca,20000,2023-06-15
160,Karima,El Khatib,karima.elkhatib@yahoo.fr,+212 674225312,164 Rue Hassan II,Casablanca,20000,2016-12-21
161,Omar,Belhaj,omar.belhaj@hotmail.com,+212 675437101,168 Rue Ibn Sina,Casablanca,20000,2019-07-09
162,Houda,Sebti,houda.sebti@hotmail.com,+212 666890684,48 Rue Allal Ben Abdellah,Casablanca,20000,2017-04-14
163,Imane,Saoud,imane.saoud@email.com,+212 615822845,124 Rue Mohammed V,Casablanca,20000,2023-10-03
164,Hicham,Rachidi,hicham.rachidi@email.com,+212 678407660,108 Rue Ibn Sina,Tanger,90000,2017-02-09
165,Hassan,Tahiri,hassan.tahiri@gmail.com,+212 694990179,42 Rue Allal Ben Abdellah,Casablanca,20000,2017-08-18
166,Sofia,Hajji,sofia.hajji@yahoo.fr,+212 679433831,188 Rue Mohammed V,Rabat,10000,2022-11-26
167,Anas,Hajji,anas.hajji@gmail.com,+212 605151166,10 Rue Hassan II,Salé,11000,2022-03-26
168,Zineb,Bennani,zineb.bennani@email.com,+212 639474962,8 Rue Hassan II,Rabat,10000,2021-09-04
169,Mehdi,Squalli,mehdi.squalli@outlook.com,+212 677924253,157 Rue Mohammed V,Agadir,80000,2023-12-31
170,Asma,El Khatib,asma.elkhatib@yahoo.fr,+212 645666605,110 Rue Mohammed V,Rabat,10000,2025-05-17
171,Khalid,Mejjati,khalid.mejjati@yahoo.fr,+212 633622517,1 Rue Al Massira,Casablanca,20000,2018-04-12
172,Mounir,Bouayad,mounir.bouayad@email.com,+212 688565957,62 Rue Mohammed V,Salé,11000,2019-03-19
173,Omar,Naciri,omar.naciri@email.com,+212 618066860,114 Rue Hassan II,Tanger,90000,2017-03-22
174,Khadija,El Mansouri,khadija.elmansouri@yahoo.fr,+212 681470268,33 Rue Al Massira,Marrakech,40000,2020-01-11
175,Mounir,Squalli,mounir.squalli@yahoo.fr,+212 654174591,94 Rue Al Massira,Fès,30000,2021-07-31
176,Latifa,El Khatib,latifa.elkhatib@yahoo.fr,+212 603408054,21 Rue Allal Ben Abdellah,Casablanca,20000,2026-03-11
177,Nawal,Bencheikh,nawal.bencheikh@yahoo.fr,+212 691612686,13 Rue Al Massira,Oujda,60000,2018-06-18
178,Zineb,Idrissi,zineb.idrissi@hotmail.com,+212 618696190,163 Rue Al Massira,Casablanca,20000,2022-08-23
179,Khadija,Sebti,khadija.sebti@email.com,+212 629551911,167 Rue Mohammed V,Casablanca,20000,2021-09-18
180,Omar,Bencheikh,omar.bencheikh@email.com,+212 692393856,141 Rue Hassan II,Casablanca,20000,2025-04-20
181,Mounir,Sebti,mounir.sebti@yahoo.fr,+212 633378224,12 Rue Al Massira,Rabat,10000,2021-04-08
182,Othmane,Sebti,othmane.sebti@hotmail.com,+212 653880016,29 Rue Al Massira,Marrakech,40000,2019-09-24
183,Asma,Squalli,asma.squalli@outlook.com,+212 637751443,125 Rue Hassan II,Rabat,10000,2026-01-10
184,Said,Ouazzani,said.ouazzani@email.com,+212 673066226,102 Rue Ibn Sina,Fès,30000,2018-10-18
185,Samira,Sebti,samira.sebti@outlook.com,+212 667417862,120 Rue Allal Ben Abdellah,Casablanca,20000,2024-12-16
186,Aicha,Hajji,aicha.hajji@outlook.com,+212 694187895,101 Rue Allal Ben Abdellah,Casablanca,20000,2022-04-01
187,Nawal,Kabbaj,nawal.kabbaj1@yahoo.fr,+212 666984255,43 Rue Hassan II,Rabat,10000,2019-01-29
188,Mounir,El Khatib,mounir.elkhatib@outlook.com,+212 639358683,180 Rue Allal Ben Abdellah,Casablanca,20000,2018-06-15
189,Nadia,Fassi,nadia.fassi@hotmail.com,+212 644777002,31 Rue Allal Ben Abdellah,Marrakech,40000,2026-04-10
190,Ahmed,Saoud,ahmed.saoud@outlook.com,+212 692608180,189 Rue Ibn Sina,Rabat,10000,2021-07-15
191,Imane,El Hafidi,imane.elhafidi@hotmail.com,+212 641884933,93 Rue Mohammed V,Tanger,90000,2017-10-22
192,Zineb,El Filali,zineb.elfilali@outlook.com,+212 601491577,43 Rue Hassan II,Fès,30000,2025-04-29
193,Samira,Andaloussi,samira.andaloussi@gmail.com,+212 651152615,199 Rue Al Massira,Fès,30000,2023-11-15
194,Nawal,Lamrani,nawal.lamrani@outlook.com,+212 612263277,198 Rue Ibn Sina,Casablanca,20000,2019-09-22
195,Wafae,Mejjati,wafae.mejjati@hotmail.com,+212 685703693,74 Rue Allal Ben Abdellah,Rabat,10000,2025-05-02
196,Nabil,Lamrani,nabil.lamrani@outlook.com,+212 691494964,196 Rue Ibn Sina,Tanger,90000,2024-09-29
197,Wafae,El Filali,wafae.elfilali@email.com,+212 634313457,2 Rue Hassan II,Rabat,10000,2018-10-22
198,Samira,Drissi,samira.drissi@outlook.com,+212 693644596,103 Rue Mohammed V,Casablanca,20000,2024-01-31
199,Samira,El Mansouri,samira.elmansouri@email.com,+212 611026718,183 Rue Al Massira,Casablanca,20000,2020-07-14
200,Mohammed,El Khatib,mohammed.elkhatib@hotmail.com,+212 627386758,119 Rue Allal Ben Abdellah,Marrakech,40000,2021-10-01
